PassengerId,Survived,Pclass,Sex,Age,SibSp,Parch,Fare,Embarked
0.0,0,2,1,0.2985493386016243,0,0,-0.4978105183601161,1
0.0023980815347721673,1,2,0,1.181327931545508,1,0,-0.5126599554690081,2
0.004796163069544335,0,1,1,2.2406622430781686,0,0,-0.46453180516733505,1
0.007194244604316502,0,2,1,-0.23111781716470592,0,0,-0.4828876578405313,2
0.00959232613908867,1,2,0,-0.5842292543422594,1,1,-0.4179706178987396,2
0.011990407673860837,0,2,1,-1.1492075538263449,0,0,-0.4728143240564602,2
0.014388489208633004,1,2,0,-0.01925095485817382,0,0,-0.5013921481500081,1
0.01678657074340517,0,1,1,-0.3017401046002166,1,1,-0.11868067858089343,2
0.01918465227817734,1,2,0,-0.8667184040843022,0,0,-0.508555407729792,0
0.021582733812949506,0,2,1,-0.65485154177777,2,0,-0.2055352009857733,2
0.023980815347721673,0,2,1,,0,0,-0.49661783564008205,2
0.02637889688249384,0,0,1,1.1107056441099974,0,0,-0.1724051254292727,2
0.028776978417266008,1,0,0,-0.5136069669067487,1,0,0.8352273190652948,2
0.031175059952038175,0,1,1,2.3112845305136793,1,0,-0.1724051254292727,2
0.03357314148681034,1,0,0,1.181327931545508,1,0,0.4575140138679743,2
0.03597122302158251,1,1,0,-0.442984679471238,1,0,-0.14158878271704234,0
0.03836930455635468,0,1,1,0.33386048231937965,0,0,-0.4168513585893984,1
0.040767386091126845,0,2,1,-0.65485154177777,0,0,-0.5086306219553797,0
0.04316546762589901,1,2,0,-0.23111781716470592,1,0,-0.49609491769075786,2
0.04556354916067118,1,2,0,1.0400833566744867,0,0,-0.5086306219553797,0
0.04796163069544335,0,0,1,1.7463062310295936,1,0,0.42572704948268325,0
0.050359712230215514,0,2,1,-1.5023189910038985,0,1,-0.5812338394262795,2
0.05275779376498768,1,0,0,,0,0,-0.07062774250480806,2
0.05515587529975985,0,0,1,-0.65485154177777,0,1,0.46117085788345397,0
0.057553956834532016,1,0,0,1.2519502189810188,1,3,4.060633582499278,0
0.059952038369304184,0,2,1,1.3931947938520401,1,0,-0.37834883834805993,2
0.06235011990407635,1,0,0,-0.5842292543422594,0,1,0.47191574725312985,0
0.06474820143884896,0,2,1,-0.548918110624504,0,0,-0.5086306219553797,0
0.06714628297362113,0,0,1,0.7575942069324438,0,0,-0.09181845515670378,2
0.0695443645083933,0,2,1,,2,0,-0.24978265541009842,0
0.07194244604316546,0,1,1,1.3931947938520401,1,0,-0.1724051254292727,2
0.07434052757793763,0,1,1,-0.442984679471238,2,0,-0.07391030620724402,2
0.0767386091127098,1,2,0,0.19261590744835827,1,2,-0.2695568334800919,2
0.07913669064748197,1,2,0,,1,2,-0.2180709052503951,2
0.08153477218225413,0,0,1,-0.01925095485817382,1,0,0.39617860371607466,0
0.0839328537170263,0,2,1,-0.8314072603665469,0,0,-0.508555407729792,0
0.08633093525179847,1,2,0,,0,0,-0.4938563990720754,2
0.08872901678657064,1,2,0,-0.65485154177777,0,0,-0.4828876578405313,2
0.0911270983213428,0,2,1,-0.3723623920357273,0,0,-0.4678895830953587,2
0.09352517985611497,0,2,1,,0,0,0.3737182033036623,2
0.09592326139088714,0,2,1,0.6163496320614225,0,1,-0.3977487361050097,0
0.0983213429256593,0,0,1,,0,0,-0.16255564350706983,2
0.10071942446043147,0,2,1,0.7575942069324438,0,0,-0.4974380288619673,2
0.10311750599520364,1,1,0,-0.01925095485817382,0,0,-0.4052110617722496,2
0.10551558752997581,1,0,0,1.0400833566744867,1,0,0.3031314434044717,2
0.10791366906474797,0,2,1,-0.3723623920357273,0,0,-0.49609491769075786,2
0.11031175059952014,0,0,1,1.0400833566744867,0,0,-0.10614497431627161,0
0.11270983213429231,0,2,1,,0,0,-0.49922884375691334,1
0.11510791366906448,1,0,0,2.0994176682071473,0,0,0.7282261290922728,0
0.11750599520383664,1,2,0,0.40448276975489034,0,2,-0.3532774298188163,2
0.11990407673860881,0,0,1,-0.442984679471238,1,0,0.43647193885235913,2
0.12230215827338098,0,1,1,-0.23111781716470592,0,0,-0.368798422513313,0
0.12470023980815315,1,1,0,-0.7254738292132809,2,1,-0.22612957227765199,2
0.1270983213429253,1,0,0,-0.16049552972919523,3,2,4.07182617559269,2
0.12949640287769748,0,1,1,,0,0,-0.359022364001803,0
0.13189448441246965,0,2,1,-1.4316967035683879,4,1,-0.11644215996221095,1
0.13429256594724182,0,2,1,0.33386048231937965,0,0,-0.49661783564008205,2
0.13669064748201443,0,2,1,-0.3723623920357273,0,0,-0.5010196586518594,2
0.1390887290167866,0,2,1,,1,0,-0.3496958000289243,2
0.14148681055155876,1,0,0,0.40448276975489034,0,0,4.060633582499278,0
0.14388489208633093,0,2,1,-0.9373406915198129,0,0,-0.49661783564008205,2
0.1462829736211031,0,1,1,0.12199362001284757,0,0,-0.3962569872975197,2
0.14868105515587526,0,2,1,-0.8667184040843022,0,0,-0.49922884375691334,2
0.15107913669064743,1,2,0,-0.5842292543422594,0,0,-0.49967654748064977,1
0.1534772182254196,0,0,1,-1.2198298412618558,2,2,4.060633582499278,0
0.15587529976019177,1,1,0,,0,0,-0.2619458701765715,2
0.15827338129496393,1,2,0,-0.8667184040843022,0,0,-0.4969151109126431,1
0.1606714628297361,0,0,1,1.181327931545508,0,0,0.12128851734186732,2
0.16306954436450827,0,0,1,0.05137133257733688,0,0,-0.12696319747001855,0
0.16546762589928043,1,0,0,2.0994176682071473,1,4,4.07182617559269,2
0.1678657074340526,1,2,0,-0.442984679471238,0,0,-0.49922884375691334,1
0.17026378896882477,0,2,1,-0.65485154177777,0,0,-0.49661783564008205,2
0.17266187050359694,1,2,0,-0.08987324229368453,0,0,-0.49609491769075786,2
0.1750599520383691,0,0,1,-0.12518438601143986,0,0,-0.14158878271704234,0
0.17745803357314127,1,0,0,0.33386048231937965,0,0,3.149556504695513,0
0.17985611510791344,0,0,1,0.15730476373060293,0,0,3.149556504695513,0
0.1822541966426856,0,2,1,,0,0,-0.4938563990720754,2
0.18465227817745777,1,0,0,1.7463062310295936,2,0,-0.17777757011411063,2
0.18705035971222994,0,1,1,-0.01925095485817382,0,0,-0.4052110617722496,2
0.1894484412470021,1,2,0,-0.442984679471238,0,0,-0.49922884375691334,1
0.19184652278177428,0,2,1,-1.7141858533104306,1,1,-0.3649929408615529,0
0.19424460431654644,0,0,1,2.593773680255722,1,0,3.3336379493767994,2
0.1966426858513186,0,0,1,1.3225725064165295,0,0,-0.1724051254292727,2
0.19904076738609078,0,2,1,,0,0,-0.49661783564008205,2
0.20143884892086295,0,1,1,,0,0,-0.4462511667197265,1
0.2038369304556351,0,2,1,,1,0,-0.3791690315699452,0
0.20623501199040728,1,2,0,-0.23111781716470592,0,0,-0.4969151109126431,1
0.2086330935251799,1,2,0,-0.8667184040843022,0,0,-0.4938563990720754,2
0.21103117505995206,1,2,0,,0,0,-0.49922884375691334,1
0.21342925659472423,0,1,1,-1.9966750030524734,1,1,-0.22612957227765199,2
0.2158273381294964,1,2,0,-0.5842292543422594,1,0,-0.3890937277177358,2
0.21822541966426856,0,2,1,,0,0,-0.49878114003317686,2
0.22062350119904073,1,0,0,-0.23111781716470592,1,2,0.29320674725668106,2
0.2230215827338129,0,2,1,,0,0,-0.4938563990720754,2
0.22541966426858506,0,0,1,-0.3723623920357273,0,0,-0.1724051254292727,0
0.22781774580335723,0,2,1,-0.3723623920357273,0,0,-0.4984086505350281,2
0.2302158273381294,1,0,0,3.2293742671753187,1,0,0.7740405465496755,2
0.23261390887290156,0,2,1,-0.08987324229368453,0,0,-0.49609491769075786,2
0.23501199040767373,1,2,0,-0.7254738292132809,0,0,-0.49736281463637966,2
0.2374100719424459,0,2,1,0.19261590744835827,0,0,-0.4938563990720754,2
0.23980815347721807,1,0,0,0.8988387818034652,1,0,0.35484122349603664,0
0.24220623501199023,0,1,1,-0.23111781716470592,1,0,-0.1724051254292727,2
0.2446043165467624,0,2,1,,0,0,-0.49922884375691334,1
0.24700239808153457,0,2,1,-0.3017401046002166,0,0,-0.49878114003317686,2
0.24940047961630674,1,2,0,-1.0079629789553235,1,1,-0.4854986659573625,0
0.2517985611510789,0,2,1,-0.16049552972919523,0,0,-0.2346359430286454,2
0.25419664268585107,0,2,1,-0.65485154177777,0,0,-0.4979609468112916,1
0.25659472422062324,0,2,1,,0,0,-0.49922884375691334,1
0.2589928057553954,0,2,1,,0,0,-0.4819922503930583,2
0.2613908872901676,0,1,1,-0.8314072603665469,0,0,-0.4052110617722496,2
0.26378896882493974,0,1,1,0.7575942069324438,0,0,-0.36857457065144483,0
0.2661870503597119,1,2,0,,0,0,-0.4987059258075891,1
0.2685851318944841,1,0,0,0.40448276975489034,0,0,-0.07070116591550081,0
0.27098321342925624,1,2,0,-0.8314072603665469,0,0,-0.5075865768716262,1
0.2733812949640284,1,0,0,2.3112845305136793,1,0,3.3336379493767994,2
0.2757793764988006,0,2,1,-0.8667184040843022,1,0,-0.3791690315699452,0
0.27817745803357274,0,2,1,,0,0,-0.5227332892530793,0
0.28057553956834536,1,2,0,-2.0672972904879843,1,1,-0.3389509106592485,2
0.2829736211031175,0,0,1,0.40448276975489034,0,0,0.7094225726953398,0
0.2853717026378897,1,1,0,-0.08987324229368453,1,0,-0.1724051254292727,2
0.28776978417266186,1,1,0,-1.2904521286973665,0,0,-0.35596365216123527,2
0.290167865707434,0,2,1,,1,0,-0.49922884375691334,1
0.2925659472422062,1,0,0,0.33386048231937965,1,0,0.39617860371607466,0
0.29496402877697836,0,2,1,-0.16049552972919523,0,0,-0.5081829182316432,2
0.2973621103117505,0,2,1,,0,0,-0.49922884375691334,1
0.2997601918465227,1,2,0,-0.9373406915198129,0,1,-0.3496958000289243,2
0.30215827338129486,0,2,1,-0.5842292543422594,0,0,-0.4984086505350281,2
0.30455635491606703,1,2,0,,2,0,-0.22165253504028704,1
0.3069544364508392,0,1,1,0.8282164943679545,0,0,-0.4052110617722496,2
0.30935251798561136,0,2,1,-0.442984679471238,0,0,-0.4938563990720754,2
0.31175059952038353,0,2,1,0.12199362001284757,0,0,-0.4938563990720754,2
0.3141486810551557,0,0,1,1.6050616561585722,0,0,-0.1276347530556233,0
0.31654676258992787,1,2,0,,0,4,-0.1819555412640196,2
0.31894484412470003,0,2,1,,1,0,-0.5227332892530793,0
0.3213429256594722,0,2,1,0.8988387818034652,0,0,-0.49661783564008205,2
0.32374100719424437,0,2,1,-0.442984679471238,0,0,-0.49736281463637966,2
0.32613908872901654,0,2,1,-0.26642896088246126,0,0,-0.5086306219553797,0
0.3285371702637887,0,1,1,-0.3017401046002166,0,0,-0.4052110617722496,2
0.33093525179856087,1,2,0,-0.5136069669067487,0,0,-0.4938563990720754,2
0.33333333333333304,0,2,1,0.6869719194969331,1,6,0.20187518761443626,2
0.3357314148681052,1,2,0,-1.4316967035683879,5,2,0.20187518761443626,2
0.33812949640287737,1,0,0,0.19261590744835827,0,0,2.0759629751754005,2
0.34052757793764954,0,0,1,2.170039955642658,1,3,4.060633582499278,0
0.3429256594724217,0,1,1,-0.16049552972919523,0,0,-0.1724051254292727,2
0.3453237410071939,0,0,1,0.8282164943679545,0,0,-0.16255564350706983,2
0.34772182254196604,0,2,1,0.05137133257733688,3,0,-0.3156703170249508,2
0.3501199040767382,0,0,1,,0,0,0.2907443767761303,2
0.3525179856115104,0,2,1,-0.5842292543422594,0,0,-0.4938563990720754,2
0.354916067146283,0,0,1,,0,0,-0.16255564350706983,2
0.35731414868105515,0,1,1,-0.01925095485817382,1,1,-0.1724051254292727,2
0.3597122302158273,1,0,0,-0.5136069669067487,0,1,0.851194224668633,0
0.3621103117505995,0,2,1,,0,0,-0.49661783564008205,0
0.36450839328537166,0,2,1,2.1347288119249024,0,0,,2
0.3669064748201438,1,2,0,0.40448276975489034,0,2,-0.41983664701927337,2
0.369304556354916,0,2,1,-1.2198298412618558,4,2,-0.07592497296405826,2
0.37170263788968816,0,2,1,-0.442984679471238,0,0,-0.5028104735468053,2
0.3741007194244603,1,0,0,-0.08987324229368453,0,0,3.3336379493767994,2
0.3764988009592325,1,2,0,-0.5136069669067487,0,0,-0.49736281463637966,2
0.37889688249400466,0,0,1,0.8282164943679545,0,0,-0.16255564350706983,2
0.38129496402877683,1,2,0,-0.3017401046002166,0,2,-0.3913322463364183,2
0.383693045563549,1,2,0,,0,0,-0.4995279098443693,1
0.38609112709832116,0,2,1,-1.64356356587492,1,1,-0.3649929408615529,0
0.38848920863309333,1,1,0,-0.3017401046002166,0,0,-0.3962569872975197,2
0.3908872901678655,0,2,1,,0,0,-0.5126599554690081,2
0.39328537170263766,0,1,1,0.7575942069324438,0,0,-0.4052110617722496,2
0.39568345323740983,1,2,0,-0.3017401046002166,1,1,-0.24359001750337528,2
0.398081534772182,0,0,1,1.2519502189810188,0,0,0.2662693096069037,0
0.40047961630695417,0,2,1,-0.8667184040843022,2,2,-0.022424377977547216,2
0.40287769784172633,1,0,0,,0,0,-0.14158878271704234,0
0.4052757793764985,1,2,0,-0.5842292543422594,0,0,-0.4775152131556934,2
0.40767386091127067,0,2,1,,0,0,-0.5028104735468053,2
0.41007194244604284,0,2,1,-0.23111781716470592,0,0,-0.5086306219553797,0
0.412470023980815,0,2,1,-0.5136069669067487,1,0,-0.3890937277177358,2
0.41486810551558717,0,2,1,,0,0,-0.508555407729792,0
0.41726618705035934,0,2,1,0.6869719194969331,1,5,-0.07592497296405826,2
0.4196642685851315,1,1,0,-1.0785852663908342,0,2,0.060400810913704174,2
0.4220623501199037,1,1,0,-0.7254738292132809,0,0,0.02010747577741971,2
0.42446043165467584,0,0,1,1.675683943594083,1,0,0.35484122349603664,0
0.42685851318944845,1,1,0,0.40448276975489034,0,3,0.060400810913704174,2
0.4292565947242206,1,0,0,2.38190681794919,0,2,0.851194224668633,0
0.4316546762589928,0,1,1,-0.01925095485817382,0,0,-0.4052110617722496,2
0.43405275779376495,0,0,1,0.4751050571904011,1,1,0.851194224668633,0
0.4364508393285371,1,0,0,-0.8667184040843022,1,0,0.31290571110108684,2
0.4388489208633093,0,2,1,,0,0,-0.49922884375691334,1
0.44124700239808146,1,0,0,-0.23111781716470592,1,1,3.794622356374213,0
0.4436450839328536,0,1,1,0.6869719194969331,0,0,-0.3514866149238703,2
0.4460431654676258,1,1,0,-0.65485154177777,0,1,-0.2619458701765715,2
0.44844124700239796,0,2,1,-0.9373406915198129,2,0,-0.4938563990720754,2
0.4508393285371701,1,2,0,,6,2,0.6074947613196998,2
0.4532374100719423,0,1,1,0.6869719194969331,0,0,-0.4052110617722496,2
0.45563549160671446,0,1,1,0.26323819488386896,1,0,-0.1724051254292727,2
0.4580335731414866,0,0,1,,0,0,-0.1724051254292727,2
0.4604316546762588,0,2,1,-1.3257632724151218,1,1,-0.37834883834805993,2
0.46282973621103096,0,1,1,2.170039955642658,0,0,-0.4168513585893984,1
0.46522781774580313,0,1,1,-1.5729412784394092,0,2,-0.05600215725778427,2
0.4676258992805753,0,2,1,0.19261590744835827,0,0,-0.49736281463637966,2
0.47002398081534746,0,0,1,-1.7141858533104306,0,2,1.7706290355871113,0
0.47242206235011963,1,2,0,-0.8667184040843022,0,0,-0.49878114003317686,2
0.4748201438848918,0,1,1,-0.5136069669067487,0,0,-0.449981434145899,2
0.47721822541966397,1,2,0,,0,0,-0.49273713976273414,2
0.47961630695443613,1,2,0,,0,0,-0.3604406893986002,1
0.4820143884892083,0,2,1,-2.1146142230697764,0,2,-0.38013965324300597,2
0.48441247002398047,0,0,1,1.181327931545508,1,0,3.4365345916106054,0
0.48681055155875264,1,1,0,-1.5729412784394092,1,1,-0.1724051254292727,2
0.4892086330935248,0,1,1,-0.3723623920357273,0,0,-0.449981434145899,2
0.49160671462829697,0,0,1,,0,0,-0.17703080030291812,0
0.49400479616306914,1,2,0,0.33386048231937965,0,0,-0.49922884375691334,1
0.4964028776978413,0,1,1,-0.442984679471238,0,0,-0.449981434145899,2
0.4988009592326139,1,0,0,0.19261590744835827,0,0,-0.14158878271704234,0
0.5011990407673861,0,2,1,-0.3723623920357273,0,0,-0.49661783564008205,2
0.5035971223021583,0,2,1,0.12199362001284757,0,0,-0.2346359430286454,2
0.5059952038369304,0,2,1,,0,0,-0.5117645480215351,2
0.5083932853717026,0,1,1,-0.9373406915198129,0,0,0.6782319496700658,2
0.5107913669064748,1,1,0,2.0994176682071473,1,0,-0.1724051254292727,2
0.5131894484412469,1,2,0,0.5457273446259118,4,2,-0.49878114003317686,2
0.5155875299760191,0,0,1,0.8282164943679545,0,0,0.12307933223681333,2
0.5179856115107913,1,2,0,,0,0,-0.4969151109126431,1
0.5203836930455634,0,0,1,1.887550805900615,1,1,2.314440422290671,2
0.5227817745803356,1,0,0,1.3931947938520401,1,1,3.149556504695513,0
0.5251798561151078,0,2,1,,0,0,-0.4938563990720754,2
0.5275779376498799,1,1,0,-0.01925095485817382,1,0,-0.3898404975289283,0
0.5299760191846521,0,2,1,-0.65485154177777,0,0,-0.4938563990720754,2
0.5323741007194243,1,1,0,-0.5842292543422594,0,0,-0.449981434145899,2
0.5347721822541964,0,2,1,-0.65485154177777,0,0,-0.4984086505350281,2
0.5371702637889686,1,0,0,1.6050616561585722,0,0,-0.14651352367814383,0
0.5395683453237408,1,2,0,,0,2,-0.3649929408615529,0
0.5419664268585129,0,2,1,-0.5136069669067487,0,0,-0.4984086505350281,2
0.5443645083932851,1,2,0,,0,0,-0.49922884375691334,1
0.5467625899280573,0,2,1,0.7222830632146885,0,0,-0.36760394897838405,2
0.5491606714628294,0,1,1,0.40448276975489034,0,0,-0.4052110617722496,2
0.5515587529976016,0,1,1,-1.1492075538263449,0,0,0.5260126835996579,2
0.5539568345323738,1,0,0,-0.65485154177777,0,0,-0.16255564350706983,2
0.5563549160671459,0,2,1,-0.65485154177777,1,0,-0.5216892441693257,2
0.5587529976019181,0,2,1,,0,0,-0.4969151109126431,1
0.5611510791366903,0,0,1,0.6163496320614225,1,0,0.6385349558937984,0
0.5635491606714624,0,2,1,-0.7254738292132809,0,0,-0.49736281463637966,2
0.5659472422062346,0,0,1,2.38190681794919,1,0,0.7095712103316205,0
0.5683453237410068,0,2,1,-0.7254738292132809,0,0,-0.5086306219553797,0
0.5707434052757794,1,1,0,-0.8667184040843022,1,1,-0.4052110617722496,2
0.5731414868105515,1,0,0,1.2519502189810188,1,0,1.2678577538310285,0
0.5755395683453237,1,0,0,1.7463062310295936,0,0,-0.14158878271704234,0
0.5779376498800959,1,1,0,1.0400833566744867,0,2,-0.10077252963143367,2
0.580335731414868,0,0,1,1.0400833566744867,1,1,1.7706290355871113,0
0.5827338129496402,0,2,1,,0,0,-0.49676647327636264,2
0.5851318944844124,0,2,1,,1,2,-0.2180709052503951,2
0.5875299760191846,0,0,1,0.7575942069324438,1,0,0.2907443767761303,2
0.5899280575539567,1,1,0,-0.5842292543422594,0,0,-0.2619458701765715,2
0.5923261390887289,0,1,1,0.8282164943679545,1,1,-0.05600215725778427,2
0.594724220623501,1,1,0,-0.08987324229368453,1,0,-0.1724051254292727,2
0.5971223021582732,1,2,0,,1,0,-0.3791690315699452,0
0.5995203836930454,1,1,0,-2.072947073482825,1,2,-0.14106586476771812,2
0.6019184652278176,0,2,1,-0.7254738292132809,0,0,-0.49609491769075786,2
0.6043165467625897,0,0,1,-0.23111781716470592,1,0,1.81144528867272,0
0.6067146282973619,0,2,1,-0.442984679471238,0,0,-0.4710235091615142,2
0.6091127098321341,0,2,1,0.15730476373060293,0,0,-0.4678895830953587,2
0.6115107913669062,0,2,1,,0,0,-0.5028104735468053,2
0.6139088729016784,0,2,1,,0,0,-0.49922884375691334,1
0.6163069544364506,0,2,1,-0.16049552972919523,0,0,-0.4938563990720754,2
0.6187050359712227,1,1,0,-0.7960961166487915,0,0,-0.4052110617722496,2
0.6211031175059949,0,2,1,-0.65485154177777,0,0,-0.49878114003317686,2
0.6235011990407671,0,2,1,0.43979391347264574,1,0,-0.3264152063946267,2
0.6258992805755392,0,2,1,-0.65485154177777,0,0,-0.49736281463637966,2
0.6282973621103114,1,1,0,-0.08987324229368453,0,2,-0.22612957227765199,2
0.6306954436450836,1,2,0,-2.0672972904879843,1,1,-0.41983664701927337,2
0.6330935251798557,0,1,1,-0.01925095485817382,0,0,-0.40991195087148274,0
0.6354916067146279,0,2,1,,0,0,-0.49661783564008205,2
0.6378896882494001,0,0,1,,0,0,-0.6380169981152265,2
0.6402877697841722,0,2,1,,0,0,-0.5028104735468053,2
0.6426858513189448,1,2,0,,0,0,-0.4938563990720754,2
0.645083932853717,0,2,1,-0.9373406915198129,0,0,-0.4828876578405313,2
0.6474820143884892,0,0,1,1.1107056441099974,0,0,0.7094225726953398,0
0.6498800959232613,0,2,1,,0,0,-0.49922884375691334,1
0.6522781774580335,1,0,0,-0.3017401046002166,1,0,1.81144528867272,0
0.6546762589928057,1,2,0,,1,0,-0.3604406893986002,1
0.6570743405275778,0,2,1,,0,0,-0.5086306219553797,0
0.65947242206235,1,1,0,-0.7254738292132809,1,0,-0.1724051254292727,2
0.6618705035971222,0,1,1,-0.16049552972919523,0,0,-0.449981434145899,2
0.6642685851318944,0,1,1,0.6869719194969331,1,0,-0.1724051254292727,2
0.6666666666666665,0,1,1,-0.01925095485817382,1,0,-0.2619458701765715,2
0.6690647482014387,0,1,1,-0.5842292543422594,0,0,-0.449981434145899,2
0.6714628297362109,1,2,0,-0.5136069669067487,0,0,-0.4828876578405313,2
0.673860911270983,0,2,1,-2.084952862346862,1,1,-0.3913322463364183,2
0.6762589928057552,1,2,0,,0,0,-0.49922884375691334,1
0.6786570743405274,1,2,0,-1.5023189910038985,1,1,-0.3649929408615529,0
0.6810551558752995,1,2,0,-1.9966750030524734,1,1,-0.2760485374742711,2
0.6834532374100717,0,2,1,0.40448276975489034,0,0,-0.5081829182316432,2
0.6858513189448439,0,2,1,,0,0,-0.5081829182316432,2
0.688249400479616,0,0,1,-0.442984679471238,1,0,0.8352273190652948,2
0.6906474820143882,0,2,1,,0,0,-0.508555407729792,0
0.6930455635491604,0,2,1,,0,0,-0.4938563990720754,2
0.6954436450839325,0,0,1,,0,0,0.07114570028338005,2
0.6978417266187047,1,2,0,-0.01925095485817382,0,0,-0.5135553629164812,1
0.7002398081534769,0,2,1,,0,0,-0.508555407729792,0
0.702637889688249,0,0,1,1.6050616561585722,1,1,0.8279136310343354,2
0.7050359712230212,0,2,1,0.40448276975489034,0,0,-0.4678895830953587,2
0.7074340527577934,0,2,1,-0.3017401046002166,0,0,-0.49661783564008205,2
0.7098321342925655,1,1,0,-2.0672972904879843,1,2,0.10658950868415079,0
0.7122302158273377,0,2,1,,2,0,-0.24978265541009842,0
0.7146282973621103,0,0,1,-0.01925095485817382,0,0,0.17680377908519262,2
0.7170263788968825,0,2,1,-0.08987324229368453,0,0,-0.49736281463637966,2
0.7194244604316546,0,2,1,0.12199362001284757,0,0,-0.49878114003317686,2
0.7218225419664268,0,1,1,,0,0,-0.36857457065144483,0
0.724220623501199,0,1,1,0.8988387818034652,0,1,-0.2619458701765715,2
0.7266187050359711,0,2,1,-0.442984679471238,0,0,-0.4828876578405313,2
0.7290167865707433,1,2,0,,0,0,-0.49922884375691334,1
0.7314148681055155,1,0,0,2.38190681794919,1,1,-0.16255564350706983,2
0.7338129496402876,0,0,1,-0.01925095485817382,1,2,2.0759629751754005,2
0.7362110311750598,0,2,1,-2.079303079352021,0,1,-0.47057580543777766,2
0.738609112709832,0,0,1,1.7463062310295936,1,1,1.036394928659261,2
0.7410071942446042,1,2,0,1.0400833566744867,1,0,-0.3853634602915633,2
0.7434052757793763,0,2,1,-0.8667184040843022,0,0,-0.4828876578405313,2
0.7458033573141485,0,2,1,-0.5842292543422594,0,0,-0.5086306219553797,0
0.7482014388489207,0,2,1,,0,0,-0.5023627698230688,2
0.7505995203836928,1,2,0,0.4751050571904011,0,0,-0.49922884375691334,1
0.752997601918465,1,0,0,1.7463062310295936,0,0,1.7909243407915338,0
0.7553956834532372,1,2,0,-0.9373406915198129,0,0,-0.4995279098443693,1
0.7577937649880093,0,0,1,1.887550805900615,1,0,1.9858993124787774,0
0.7601918465227815,0,1,1,-0.7960961166487915,0,0,-0.449981434145899,2
0.7625899280575537,0,2,1,-0.23111781716470592,0,0,-0.49736281463637966,2
0.7649880095923258,0,1,1,-0.5842292543422594,2,0,-0.07391030620724402,2
0.767386091127098,0,2,1,-0.3017401046002166,0,0,-0.49878114003317686,2
0.7697841726618702,0,2,1,-0.3723623920357273,0,0,-0.508555407729792,0
0.7721822541966423,0,1,1,-0.3017401046002166,0,0,-0.4052110617722496,2
0.7745803357314145,0,0,1,0.19261590744835827,0,0,-0.16255564350706983,2
0.7769784172661867,1,0,0,0.6163496320614225,0,0,3.146646430491226,2
0.7793764988009588,0,2,1,-0.5136069669067487,0,0,-0.5117645480215351,2
0.781774580335731,1,1,0,-1.2904521286973665,2,1,0.060400810913704174,2
0.7841726618705032,0,0,1,1.1107056441099974,0,0,0.7803083986819865,0
0.7865707434052758,0,1,1,-0.08987324229368453,1,0,-0.1724051254292727,2
0.7889688249400479,0,1,1,-0.65485154177777,0,0,-0.4052110617722496,2
0.7913669064748201,1,1,0,1.2519502189810188,0,2,0.02010747577741971,2
0.7937649880095923,0,0,1,0.6163496320614225,0,0,-0.10614497431627161,0
0.7961630695443644,0,2,1,,0,0,-0.5086306219553797,0
0.7985611510791366,1,2,0,-0.7960961166487915,1,1,-0.35611228979751575,0
0.8009592326139088,0,2,1,-0.23111781716470592,0,0,-0.49661783564008205,2
0.803357314148681,0,0,1,-0.01925095485817382,0,0,-0.1724051254292727,2
0.8057553956834531,0,1,1,0.12199362001284757,0,0,-0.4052110617722496,2
0.8081534772182253,0,2,1,0.6163496320614225,0,2,-0.508555407729792,0
0.8105515587529974,0,1,1,-0.3723623920357273,0,0,-0.07391030620724402,2
0.8129496402877696,0,2,1,,0,0,-0.508555407729792,0
0.8153477218225418,0,1,1,-0.8667184040843022,0,0,-0.449981434145899,2
0.817745803357314,0,2,1,0.12199362001284757,0,0,-0.5022875555974811,2
0.8201438848920861,0,2,1,,1,7,0.6074947613196998,2
0.8225419664268583,1,0,0,1.9581730933361257,0,1,8.536850626642334,0
0.8249400479616305,0,2,1,,1,1,-0.37834883834805993,2
0.8273381294964026,1,2,0,-1.0079629789553235,0,0,-0.5010196586518594,2
0.8297362110311748,0,1,1,-0.3017401046002166,0,0,-0.4052110617722496,2
0.832134292565947,1,2,0,0.5457273446259118,0,0,-0.508555407729792,0
0.8345323741007191,0,1,1,-0.442984679471238,0,0,-0.3962569872975197,2
0.8369304556354913,1,1,0,0.05137133257733688,0,0,-0.2619458701765715,2
0.8393285371702635,1,0,0,1.0400833566744867,0,1,0.49661287546932986,0
0.8417266187050356,0,1,1,-0.3723623920357273,0,0,-0.449981434145899,2
0.8441247002398078,0,1,1,-0.8667184040843022,0,0,0.6782319496700658,2
0.84652278177458,0,1,1,1.3225725064165295,1,2,0.5260126835996579,2
0.8489208633093521,1,2,0,-2.125913789059458,1,2,-0.2695568334800919,2
0.8513189448441243,0,0,1,1.3931947938520401,0,0,-0.1724051254292727,2
0.8537170263788965,1,0,0,2.0287953807716366,2,0,0.2838801832838024,2
0.8561151079136686,0,2,1,,0,0,-0.4969151109126431,2
0.8585131894484412,0,2,1,,0,0,-0.49922884375691334,1
0.8609112709832134,1,2,0,-0.01925095485817382,1,0,-0.35954528195112717,2
0.8633093525179856,0,2,1,-1.1138964101085895,6,2,0.6074947613196998,2
0.8657074340527577,1,1,0,-0.442984679471238,1,1,0.024659727240372336,0
0.8681055155875299,1,1,0,0.05137133257733688,0,0,-0.2619458701765715,2
0.8705035971223021,0,2,1,-0.23111781716470592,0,0,-0.4828876578405313,2
0.8729016786570742,1,0,0,-0.3723623920357273,1,0,0.35484122349603664,0
0.8752997601918464,1,2,0,,1,7,0.6074947613196998,2
0.8776978417266186,0,2,1,,1,0,-0.3790956081592524,0
0.8800959232613907,1,2,0,-0.5842292543422594,0,0,0.07271266331645776,2
0.8824940047961629,1,0,0,1.0400833566744867,0,1,0.42572704948268325,0
0.8848920863309351,0,1,1,-0.08987324229368453,0,0,-0.3898404975289283,0
0.8872901678657072,0,1,1,-0.65485154177777,1,0,-0.4320732851964392,2
0.8896882494004794,1,0,0,0.05137133257733688,0,0,1.7706290355871113,0
0.8920863309352516,0,0,1,1.3225725064165295,0,0,-0.6380169981152265,2
0.8944844124700237,0,1,1,0.9694610692389759,0,0,-0.4052110617722496,2
0.8968824940047959,1,0,0,1.675683943594083,1,1,0.8279136310343354,2
0.8992805755395681,1,0,0,1.0400833566744867,0,0,4.060633582499278,0
0.9016786570743403,1,2,0,-0.5842292543422594,2,0,-0.4828876578405313,2
0.9040767386091124,0,1,1,-0.65485154177777,0,0,-0.4320732851964392,2
0.9064748201438846,0,0,1,1.7463062310295936,0,0,0.2573904493577615,2
0.9088729016786568,0,2,1,-1.7848081407459413,4,2,-0.07592497296405826,2
0.9112709832134289,0,2,1,,0,0,-0.49922884375691334,1
0.9136690647482011,0,2,1,-0.3017401046002166,0,0,-0.4969151109126431,1
0.9160671462829733,1,2,0,,0,0,-0.37834883834805993,2
0.9184652278177454,1,2,0,-0.7960961166487915,1,0,-0.3496958000289243,2
0.9208633093525176,0,1,1,,0,0,-0.40744958039093204,2
0.9232613908872898,1,1,0,-0.442984679471238,1,2,0.5260126835996579,2
0.9256594724220619,0,2,1,-0.442984679471238,0,0,-0.49878114003317686,2
0.9280575539568341,0,1,1,1.887550805900615,0,0,-0.4052110617722496,2
0.9304556354916063,0,2,1,-0.65485154177777,0,0,-0.49922884375691334,1
0.9328537170263789,0,2,1,-1.7141858533104306,3,1,-0.26060275900536206,2
0.935251798561151,0,0,1,-0.5136069669067487,0,0,1.036394928659261,2
0.9376498800959232,1,0,0,1.4638170812875508,0,1,0.06756407049348805,2
0.9400479616306954,0,2,1,-1.2198298412618558,0,2,-0.27537698188866633,2
0.9424460431654675,0,1,1,1.181327931545508,0,0,-0.449981434145899,2
0.9448441247002397,0,2,1,-0.08987324229368453,3,1,-0.24359001750337528,2
0.9472422062350119,1,0,0,-0.8667184040843022,1,0,0.43647193885235913,2
0.949640287769784,0,2,1,-0.442984679471238,0,0,-0.5081829182316432,1
0.9520383693045562,1,0,0,1.2519502189810188,1,1,0.7803083986819865,0
0.9544364508393284,0,2,1,-0.5842292543422594,0,0,-0.49878114003317686,2
0.9568345323741005,0,2,1,0.05137133257733688,0,0,-0.4995279098443693,1
0.9592326139088727,1,0,0,-0.01925095485817382,0,0,2.314440422290671,2
0.9616306954436449,0,1,1,0.5457273446259118,1,0,-0.2619458701765715,2
0.964028776978417,1,0,0,-0.5842292543422594,0,1,0.42572704948268325,0
0.9664268585131892,0,0,1,-0.9373406915198129,0,0,0.20545681740432825,2
0.9688249400479614,0,0,1,0.8988387818034652,1,0,-0.14158878271704234,0
0.9712230215827335,0,1,1,-0.7254738292132809,0,0,-0.38976528330334054,0
0.9736211031175057,0,1,1,-0.5136069669067487,1,0,-0.449981434145899,2
0.9760191846522779,0,0,1,1.3931947938520401,1,1,3.149556504695513,0
0.97841726618705,1,2,0,,0,0,-0.49975176170623753,1
0.9808153477218222,1,2,0,-1.9260527156169627,1,1,-0.3913322463364183,2
0.9832134292565944,1,2,0,,0,0,-0.49922884375691334,1
0.9856115107913666,1,0,0,0.4751050571904011,1,0,0.973716407336152,1
0.9880095923261387,1,2,0,-0.16049552972919523,0,0,-0.49878114003317686,2
0.9904076738609109,0,2,1,,0,0,-0.4938563990720754,2
0.992805755395683,1,0,0,0.6163496320614225,0,0,1.3121804224809415,0
0.9952038369304552,0,2,1,0.5810384883436671,0,0,-0.5081829182316432,2
0.9976019184652274,0,2,1,,0,0,-0.4938563990720754,2
0.9999999999999996,0,2,1,,1,1,-0.23762123145852032,0
